{
  "timestamp": "2026-01-05T12:05:45.373437",
  "dataset": "MAST-Data (UC Berkeley)",
  "total_traces": 1242,
  "detector_version": "2.0",
  "metrics_by_mode": {
    "F1": {
      "precision": 0.2857142857142857,
      "recall": 0.34877384196185285,
      "f1": 0.3141104294478528,
      "fpr": 0.3657142857142857,
      "true_positives": 128,
      "false_positives": 320,
      "true_negatives": 555,
      "false_negatives": 239
    },
    "F5": {
      "precision": 0.2275449101796407,
      "recall": 0.10982658959537572,
      "f1": 0.14814814814814814,
      "fpr": 0.14397321428571427,
      "true_positives": 38,
      "false_positives": 129,
      "true_negatives": 767,
      "false_negatives": 308
    },
    "F6": {
      "precision": 0.03211009174311927,
      "recall": 0.14,
      "f1": 0.05223880597014926,
      "fpr": 0.17701342281879195,
      "true_positives": 7,
      "false_positives": 211,
      "true_negatives": 981,
      "false_negatives": 43
    },
    "F7": {
      "precision": 0.11320754716981132,
      "recall": 0.019801980198019802,
      "f1": 0.03370786516853933,
      "fpr": 0.05005324813631523,
      "true_positives": 6,
      "false_positives": 47,
      "true_negatives": 892,
      "false_negatives": 297
    },
    "F11": {
      "precision": 0.350253807106599,
      "recall": 0.1393939393939394,
      "f1": 0.1994219653179191,
      "fpr": 0.1713520749665328,
      "true_positives": 69,
      "false_positives": 128,
      "true_negatives": 619,
      "false_negatives": 426
    }
  },
  "overall": {
    "precision": 0.22899353647276086,
    "recall": 0.15887251761691223,
    "f1": 0.18759455370650527
  }
}