{
  "timestamp": "2026-01-05T12:30:00",
  "dataset": "MAST-Data",
  "total_traces": 1242,
  "metrics": {
    "F12": {
      "precision": 0.11971830985915492,
      "recall": 0.08173076923076923,
      "f1": 0.09714285714285714,
      "fpr": 0.12088974854932302,
      "tp": 17,
      "fp": 125,
      "tn": 909,
      "fn": 191
    },
    "F13": {
      "precision": 0.15584415584415584,
      "recall": 0.05555555555555555,
      "f1": 0.08191126279863481,
      "fpr": 0.06335282651072124,
      "tp": 12,
      "fp": 65,
      "tn": 961,
      "fn": 204
    },
    "F14": {
      "precision": 0.17518248175182483,
      "recall": 0.08480565371024736,
      "f1": 0.1142857142857143,
      "fpr": 0.11783107403545359,
      "tp": 24,
      "fp": 113,
      "tn": 846,
      "fn": 259
    }
  }
}