{
  "timestamp": "2026-01-05T12:11:17.173218",
  "dataset": "MAST-Data",
  "total_traces": 1242,
  "metrics": {
    "F1": {
      "precision": 0.2857142857142857,
      "recall": 0.34877384196185285,
      "f1": 0.3141104294478528,
      "fpr": 0.3657142857142857,
      "tp": 128,
      "fp": 320,
      "tn": 555,
      "fn": 239
    },
    "F3": {
      "precision": 0.3263888888888889,
      "recall": 0.10421286031042129,
      "f1": 0.15798319327731095,
      "fpr": 0.12262958280657396,
      "tp": 47,
      "fp": 97,
      "tn": 694,
      "fn": 404
    },
    "F5": {
      "precision": 0.2275449101796407,
      "recall": 0.10982658959537572,
      "f1": 0.14814814814814814,
      "fpr": 0.14397321428571427,
      "tp": 38,
      "fp": 129,
      "tn": 767,
      "fn": 308
    },
    "F6": {
      "precision": 0.03211009174311927,
      "recall": 0.14,
      "f1": 0.05223880597014926,
      "fpr": 0.17701342281879195,
      "tp": 7,
      "fp": 211,
      "tn": 981,
      "fn": 43
    },
    "F7": {
      "precision": 0.11320754716981132,
      "recall": 0.019801980198019802,
      "f1": 0.03370786516853933,
      "fpr": 0.05005324813631523,
      "tp": 6,
      "fp": 47,
      "tn": 892,
      "fn": 297
    },
    "F8": {
      "precision": 0.1111111111111111,
      "recall": 0.07589285714285714,
      "f1": 0.09018567639257294,
      "fpr": 0.13359528487229863,
      "tp": 17,
      "fp": 136,
      "tn": 882,
      "fn": 207
    },
    "F11": {
      "precision": 0.3125,
      "recall": 0.06060606060606061,
      "f1": 0.10152284263959391,
      "fpr": 0.08835341365461848,
      "tp": 30,
      "fp": 66,
      "tn": 681,
      "fn": 465
    }
  },
  "overall": {
    "precision": 0.21344800625488664,
    "recall": 0.12209302325581395,
    "f1": 0.15533428165007113
  }
}