{
  "timestamp": "2026-01-05T15:07:44.370303",
  "n_records": 1242,
  "n_folds": 5,
  "model_type": "gradient_boosting",
  "ml_metrics": {
    "F1": {
      "f1": 0.31683168316831684,
      "precision": 0.5797101449275363,
      "recall": 0.21798365122615804
    },
    "F2": {
      "f1": 0.0,
      "precision": 0.0,
      "recall": 0.0
    },
    "F3": {
      "f1": 0.46511627906976744,
      "precision": 0.6071428571428571,
      "recall": 0.376940133037694
    },
    "F4": {
      "f1": 0.1590909090909091,
      "precision": 0.4117647058823529,
      "recall": 0.09859154929577464
    },
    "F5": {
      "f1": 0.42885771543086165,
      "precision": 0.6993464052287581,
      "recall": 0.3092485549132948
    },
    "F6": {
      "f1": 0.19047619047619047,
      "precision": 0.46153846153846156,
      "recall": 0.12
    },
    "F7": {
      "f1": 0.3537735849056604,
      "precision": 0.6198347107438017,
      "recall": 0.24752475247524752
    },
    "F8": {
      "f1": 0.27361563517915305,
      "precision": 0.5060240963855421,
      "recall": 0.1875
    },
    "F9": {
      "f1": 0.18749999999999997,
      "precision": 0.25,
      "recall": 0.15
    },
    "F10": {
      "f1": 0.0,
      "precision": 0.0,
      "recall": 0.0
    },
    "F11": {
      "f1": 0.5240893066980025,
      "precision": 0.6264044943820225,
      "recall": 0.4505050505050505
    },
    "F12": {
      "f1": 0.18823529411764706,
      "precision": 0.5106382978723404,
      "recall": 0.11538461538461539
    },
    "F13": {
      "f1": 0.3448275862068966,
      "precision": 0.6756756756756757,
      "recall": 0.23148148148148148
    },
    "F14": {
      "f1": 0.39898989898989895,
      "precision": 0.6991150442477876,
      "recall": 0.2791519434628975
    }
  },
  "rules_metrics": {},
  "ml_macro_f1": 0.2736717202380931
}