{
  "timestamp": "2026-01-05T15:01:06.808313",
  "n_records": 1242,
  "n_folds": 5,
  "model_type": "random_forest",
  "ml_metrics": {
    "F1": {
      "f1": 0.27829313543599254,
      "precision": 0.436046511627907,
      "recall": 0.20435967302452315
    },
    "F2": {
      "f1": 0.0,
      "precision": 0.0,
      "recall": 0.0
    },
    "F3": {
      "f1": 0.45838668373879643,
      "precision": 0.5424242424242425,
      "recall": 0.3968957871396896
    },
    "F4": {
      "f1": 0.04081632653061224,
      "precision": 0.039473684210526314,
      "recall": 0.04225352112676056
    },
    "F5": {
      "f1": 0.42338709677419356,
      "precision": 0.7,
      "recall": 0.30346820809248554
    },
    "F6": {
      "f1": 0.08791208791208793,
      "precision": 0.0975609756097561,
      "recall": 0.08
    },
    "F7": {
      "f1": 0.32727272727272727,
      "precision": 0.5255474452554745,
      "recall": 0.2376237623762376
    },
    "F8": {
      "f1": 0.21864951768488747,
      "precision": 0.39080459770114945,
      "recall": 0.15178571428571427
    },
    "F9": {
      "f1": 0.21739130434782608,
      "precision": 0.8333333333333334,
      "recall": 0.125
    },
    "F10": {
      "f1": 0.0,
      "precision": 0.0,
      "recall": 0.0
    },
    "F11": {
      "f1": 0.5601703940362087,
      "precision": 0.5923423423423423,
      "recall": 0.5313131313131313
    },
    "F12": {
      "f1": 0.17891373801916932,
      "precision": 0.26666666666666666,
      "recall": 0.1346153846153846
    },
    "F13": {
      "f1": 0.23703703703703705,
      "precision": 0.5925925925925926,
      "recall": 0.14814814814814814
    },
    "F14": {
      "f1": 0.2962962962962963,
      "precision": 0.5894736842105263,
      "recall": 0.1978798586572438
    }
  },
  "rules_metrics": {
    "F1": {
      "f1": 0.2842639593908629,
      "precision": 0.24669603524229075,
      "recall": 0.33532934131736525
    },
    "F3": {
      "f1": 0.4699828473413379,
      "precision": 0.37027027027027026,
      "recall": 0.6431924882629108
    },
    "F5": {
      "f1": 0.2834645669291338,
      "precision": 0.2523364485981308,
      "recall": 0.32335329341317365
    },
    "F6": {
      "f1": 0.06319702602230484,
      "precision": 0.03275529865125241,
      "recall": 0.8947368421052632
    },
    "F7": {
      "f1": 0.14285714285714285,
      "precision": 0.2153846153846154,
      "recall": 0.10687022900763359
    },
    "F8": {
      "f1": 0.24920127795527156,
      "precision": 0.17727272727272728,
      "recall": 0.41935483870967744
    },
    "F11": {
      "f1": 0.41869918699186986,
      "precision": 0.34797297297297297,
      "recall": 0.5255102040816326
    },
    "F12": {
      "f1": 0.23300970873786409,
      "precision": 0.13211009174311927,
      "recall": 0.9863013698630136
    },
    "F13": {
      "f1": 0.271523178807947,
      "precision": 0.20398009950248755,
      "recall": 0.40594059405940597
    },
    "F14": {
      "f1": 0.3004694835680751,
      "precision": 0.2302158273381295,
      "recall": 0.43243243243243246
    }
  },
  "ml_macro_f1": 0.2374661675061311
}