{
  "timestamp": "2026-01-05T13:36:17.920245",
  "total_traces": 1242,
  "parsed_traces": 1242,
  "extraction_rate": 1.0,
  "avg_turns_per_trace": 7.676328502415459,
  "overall_f1": 0.08794824220687777,
  "overall_accuracy": 0.7069862504645114,
  "framework_breakdown": {
    "ChatDev": 130,
    "MetaGPT": 230,
    "OpenManus": 30,
    "Magentic": 195,
    "AG2": 597,
    "AppWorld": 30,
    "HyperAgent": 30
  },
  "metrics_by_mode": {
    "F1": {
      "precision": 0.2882882882882883,
      "recall": 0.34877384196185285,
      "f1": 0.3156596794081381,
      "fpr": 0.36114285714285715,
      "true_positives": 128,
      "false_positives": 316,
      "true_negatives": 559,
      "false_negatives": 239,
      "total_samples": 1242
    },
    "F3": {
      "precision": 0.35384615384615387,
      "recall": 0.10199556541019955,
      "f1": 0.15834767641996556,
      "fpr": 0.10619469026548672,
      "true_positives": 46,
      "false_positives": 84,
      "true_negatives": 707,
      "false_negatives": 405,
      "total_samples": 1242
    },
    "F5": {
      "precision": 0.2375,
      "recall": 0.10982658959537572,
      "f1": 0.15019762845849802,
      "fpr": 0.13616071428571427,
      "true_positives": 38,
      "false_positives": 122,
      "true_negatives": 774,
      "false_negatives": 308,
      "total_samples": 1242
    },
    "F6": {
      "precision": 0.0,
      "recall": 0.0,
      "f1": 0.0,
      "fpr": 0.0025167785234899327,
      "true_positives": 0,
      "false_positives": 3,
      "true_negatives": 1189,
      "false_negatives": 50,
      "total_samples": 1242
    },
    "F7": {
      "precision": 0.13636363636363635,
      "recall": 0.019801980198019802,
      "f1": 0.0345821325648415,
      "fpr": 0.04046858359957402,
      "true_positives": 6,
      "false_positives": 38,
      "true_negatives": 901,
      "false_negatives": 297,
      "total_samples": 1242
    },
    "F8": {
      "precision": 0.1223021582733813,
      "recall": 0.07589285714285714,
      "f1": 0.09366391184573003,
      "fpr": 0.11984282907662082,
      "true_positives": 17,
      "false_positives": 122,
      "true_negatives": 896,
      "false_negatives": 207,
      "total_samples": 1242
    },
    "F11": {
      "precision": 0.34146341463414637,
      "recall": 0.05656565656565657,
      "f1": 0.09705372616984403,
      "fpr": 0.07228915662650602,
      "true_positives": 28,
      "false_positives": 54,
      "true_negatives": 693,
      "false_negatives": 467,
      "total_samples": 1242
    },
    "F12": {
      "precision": 0.12878787878787878,
      "recall": 0.08173076923076923,
      "f1": 0.1,
      "fpr": 0.11121856866537717,
      "true_positives": 17,
      "false_positives": 115,
      "true_negatives": 919,
      "false_negatives": 191,
      "total_samples": 1242
    },
    "F13": {
      "precision": 0.1875,
      "recall": 0.05555555555555555,
      "f1": 0.08571428571428572,
      "fpr": 0.050682261208576995,
      "true_positives": 12,
      "false_positives": 52,
      "true_negatives": 974,
      "false_negatives": 204,
      "total_samples": 1242
    },
    "F14": {
      "precision": 0.1774193548387097,
      "recall": 0.07773851590106007,
      "f1": 0.1081081081081081,
      "fpr": 0.10636079249217935,
      "true_positives": 22,
      "false_positives": 102,
      "true_negatives": 857,
      "false_negatives": 261,
      "total_samples": 1242
    },
    "F15": {
      "precision": 0.0,
      "recall": 0.0,
      "f1": 0.0,
      "fpr": 0.09420289855072464,
      "true_positives": 0,
      "false_positives": 117,
      "true_negatives": 1125,
      "false_negatives": 0,
      "total_samples": 1242
    },
    "F16": {
      "precision": 0.0,
      "recall": 0.0,
      "f1": 0.0,
      "fpr": 0.09420289855072464,
      "true_positives": 0,
      "false_positives": 117,
      "true_negatives": 1125,
      "false_negatives": 0,
      "total_samples": 1242
    },
    "F17": {
      "precision": 0.0,
      "recall": 0.0,
      "f1": 0.0,
      "fpr": 0.6924315619967794,
      "true_positives": 0,
      "false_positives": 860,
      "true_negatives": 382,
      "false_negatives": 0,
      "total_samples": 1242
    }
  },
  "errors": []
}